acamadeo/personal-talon\t0		false	false	https://github.com/acamadeo/personal-talon
adabru/eyeput\t0	Eye tracking input method.	false	false	https://github.com/adabru/eyeput
adabru/speech\t0	Computer usage without hands, using eye tracking and speech. 	false	false	https://github.com/adabru/speech
adam-coster/adam-coster-talon\t0	Talon Voice commands extending `knausj_talon`	false	false	https://github.com/adam-coster/adam-coster-talon
AdamKJor/LaTeX-talon\t0		false	false	https://github.com/AdamKJor/LaTeX-talon
adamsan/adamsan_talon\t0	My commands and customizations for talon voice recognition.	false	false	https://github.com/adamsan/adamsan_talon
adw96/talon_user\t5	Amy's user folder for talon	false	false	https://github.com/adw96/talon_user
aidabeorn/thorerik-talon\t0		false	false	https://github.com/aidabeorn/thorerik-talon
alan-barzilay/barzi_talon\t0		false	false	https://github.com/alan-barzilay/barzi_talon
alexander-clarke/alex_talon\t1	Personal scripts for talon	false	false	https://github.com/alexander-clarke/alex_talon
alexbwade/talon-config\t0	additional talon scripts and bindings	false	false	https://github.com/alexbwade/talon-config
alexhumphreys/talon-files\t0		false	false	https://github.com/alexhumphreys/talon-files
AndreasArvidsson/andreas-talon\t90	User scripts for Talon Voice	false	false	https://github.com/AndreasArvidsson/andreas-talon
AndreasArvidsson/andreas-talon-vscode\t13	VSCode extension used by Talon Voice	false	false	https://github.com/AndreasArvidsson/andreas-talon-vscode
AndreasArvidsson/talon-deck\t10	Interactive dashboard for Talon Voice	false	false	https://github.com/AndreasArvidsson/talon-deck
AndrewDant/andrew_talon\t0	My personal fork of https://github.com/talonhub/community	false	false	https://github.com/AndrewDant/andrew_talon
AndrewDant/screen-spots\t26	Save a set of screen locations to later click on or move to using talon voice	false	false	https://github.com/AndrewDant/screen-spots
Antman261/talon-matrix-mouse\t3	Click anywhere by speaking three words	false	false	https://github.com/Antman261/talon-matrix-mouse
appman-org/talon-personal-config\t0	My personal settings for Talon speech recognition	false	false	https://github.com/appman-org/talon-personal-config
asoee/custom-talon\t0		false	false	https://github.com/asoee/custom-talon
auscompgeek/davo-talon\t0	My custom Talon user files, existing alongside talonhub/community	false	false	https://github.com/auscompgeek/davo-talon
autosquash/talon-configs\t1	Some configuration files to be used with Talon Voice.	false	false	https://github.com/autosquash/talon-configs
baltazarortiz/talon_public\t0		false	false	https://github.com/baltazarortiz/talon_public
baltazarortiz/talon_user\t0		false	false	https://github.com/baltazarortiz/talon_user
barajasss/talon-scripts\t0	Scripts to automate talon	false	false	https://github.com/barajasss/talon-scripts
bentitmus/config\t0	Standard login configuration files	false	false	https://github.com/bentitmus/config
Bietola/manjaro-config\t0	(Almost) all of the dotfiles I use to configure Manjaro, with some scripts for automatically putting them in place.	false	false	https://github.com/Bietola/manjaro-config
Bietola/talon-config\t0	Personal Talon Voice configuration. Should be put in `~/.talon` as a folder named `user` (full path: `~/.talon/user`).	false	false	https://github.com/Bietola/talon-config
blakewatson/talon-scripts\t9	My user scripts for Talon (https://talonvoice.com/).	false	false	https://github.com/blakewatson/talon-scripts
BlueDrink9/bluedrink9-talon\t1		false	false	https://github.com/BlueDrink9/bluedrink9-talon
BlueDrink9/bspwm-talon\t0	Talon voice command set for BSPWM window manager	false	false	https://github.com/BlueDrink9/bspwm-talon
BlueDrink9/homophoner-talon\t1	Resolve homophones on the fly for talon voice	false	false	https://github.com/BlueDrink9/homophoner-talon
bluprince13/bluprince13_talon\t0		false	false	https://github.com/bluprince13/bluprince13_talon
bluprince13/bluprince13_talon_user\t0		false	false	https://github.com/bluprince13/bluprince13_talon_user
BoltonBailey/bolton-talon\t0		false	false	https://github.com/BoltonBailey/bolton-talon
brianwatsonxyz/talonscripts\t0		false	false	https://github.com/brianwatsonxyz/talonscripts
BrokenFlows/brokenflows_talon\t0	My Config Files for Talon	false	false	https://github.com/BrokenFlows/brokenflows_talon
brollin/brollin_talon_public\t3	My (public) Talon commands	false	false	https://github.com/brollin/brollin_talon_public
brollin/doordash-scraper\t0		false	false	https://github.com/brollin/doordash-scraper
brollin/speak-the-spire-talon\t3	Voice commands for the Speak the Spire mod	false	false	https://github.com/brollin/speak-the-spire-talon
brollin/talon_umbrella\t2	Umbrella repo containing all of my Talon Voice code	false	false	https://github.com/brollin/talon_umbrella
bubuto355/talon_user\t0		false	false	https://github.com/bubuto355/talon_user
budavariam/dotfiles\t6	These are my most common settings that I use day by day in my systems	false	false	https://github.com/budavariam/dotfiles
byoungbnice/talon\t0		false	false	https://github.com/byoungbnice/talon
calvang/talon-public-scripts\t0		false	false	https://github.com/calvang/talon-public-scripts
cattleomart/PersonalTalon\t0		false	false	https://github.com/cattleomart/PersonalTalon
cerealXDD/talon-community\t0		false	false	https://github.com/cerealXDD/talon-community
chaosparrot/marithime_talon\t10	Marithime is a Talon Voice command set meant to keep you in the flow while dictating and creating text.	false	false	https://github.com/chaosparrot/marithime_talon
chaosparrot/pandemonium_talon\t8	My personal parrot / talon integration scripts. Subject to change as well as questionable code quality	false	false	https://github.com/chaosparrot/pandemonium_talon
chaosparrot/talon_hud\t83	Unofficial Talon Head Up Display scripts	false	false	https://github.com/chaosparrot/talon_hud
charlie-gallagher/cg_talon\t0		false	false	https://github.com/charlie-gallagher/cg_talon
chromalchemy/talon\t0	Config for Talon Voice scripts, grammars	false	false	https://github.com/chromalchemy/talon
chromalchemy/talon-community\t0	lightly customized Talon Voice Community fork	false	false	https://github.com/chromalchemy/talon-community
C-Loftus/colton_talon\t5	 Supplementary scripts to Talon Community (Knausj)	false	false	https://github.com/C-Loftus/colton_talon
C-Loftus/sight-free-talon\t21	Integrate Talon voice dictation commands with TTS, screen readers, braille, and more!	false	false	https://github.com/C-Loftus/sight-free-talon
C-Loftus/talon-ai-tools\t85	Query LLMs and AI tools with voice commands	false	false	https://github.com/C-Loftus/talon-ai-tools
C-Loftus/Watercolor\t8	Color Linux a11y elements for mouse-free interaction!	false	false	https://github.com/C-Loftus/Watercolor
codecat555/talon-window-tweak\t3	A Talon module for moving and resizing windows using voice commands.	false	false	https://github.com/codecat555/talon-window-tweak
CodesAway/TAIPCodesAway\t1	Talon Automated Installation Platform	false	false	https://github.com/CodesAway/TAIPCodesAway
CodesAway/TalonVoiceCodesAway\t0	Talon voice file set which extends community	false	false	https://github.com/CodesAway/TalonVoiceCodesAway
crschnick/talon_java\t0	Talon configurations for IntelliJ and Java development	false	false	https://github.com/crschnick/talon_java
crschnick/talon_user\t0	My user configuration files for Talon	false	false	https://github.com/crschnick/talon_user
csommerl/personal-talon\t0		false	false	https://github.com/csommerl/personal-talon
cursorless-dev/cursorless\t1295	Don't let the cursor slow you down	false	false	https://github.com/cursorless-dev/cursorless
DanGau/TalonBase\t0		false	false	https://github.com/DanGau/TalonBase
DarinM223/talon_mgba_http_controller\t0	Control mGBA games with Talon Voice	false	false	https://github.com/DarinM223/talon_mgba_http_controller
Darksonn/talon-config\t0		false	false	https://github.com/Darksonn/talon-config
daveweij/fine_mouse_grid_talon\t0	Alternative mouse grid for use with Talon	false	false	https://github.com/daveweij/fine_mouse_grid_talon
daveyarwood/talon-customizations\t0	My Talon customizations	false	false	https://github.com/daveyarwood/talon-customizations
David-Kingman/dk_talon\t0	A git repo for my personal Talon Voice custom commands.	false	false	https://github.com/David-Kingman/dk_talon
david-tejada/rango-talon\t47	Talon user file set for the Rango browser extension	false	false	https://github.com/david-tejada/rango-talon
david-tejada/talon_personal\t0		false	false	https://github.com/david-tejada/talon_personal
diabeatz96/Talon-Game-Scripts\t1	Open repository of Talon scripts for games supporting accessibility	false	false	https://github.com/diabeatz96/Talon-Game-Scripts
dlip/nixconfig\t16		false	false	https://github.com/dlip/nixconfig
downscore/eam-talon\t0		false	false	https://github.com/downscore/eam-talon
eemmtt/eemmtt-talon\t0	My talon files	false	false	https://github.com/eemmtt/eemmtt-talon
eemmtt/piemenu\t4	Pie Menu for Talon + Mouse	false	false	https://github.com/eemmtt/piemenu
Eggy115/Talon\t2	Talon	false	false	https://github.com/Eggy115/Talon
emmaling27/talon-config\t0	Configuration for [Talon Voice](talonvoice.com)	false	false	https://github.com/emmaling27/talon-config
eprev/eprev_talon\t0		false	false	https://github.com/eprev/eprev_talon
erhoppe/savant_pedal\t0	For use with Talon	false	false	https://github.com/erhoppe/savant_pedal
estebanfelipep/estebanfelipep-talon\t0	My custom talon commands shared with the word wide web.	false	false	https://github.com/estebanfelipep/estebanfelipep-talon
fidgetingbits/talon-vim\t3	Talon-side plugin for interacting with vim/neovim using Talon Voice. This is the original fidgetingbits repo code.	false	false	https://github.com/fidgetingbits/talon-vim
FireChickenProductivity/BAR\t3	The Basic Action Recorder can be used to record basic talon voice actions and output the corresponding talonscript code for them.	false	false	https://github.com/FireChickenProductivity/BAR
FireChickenProductivity/CorrectionChicken\t0	Simple commands for correcting speech recognition errors including dealing with homophones, common misrecognition patterns, and being able to spell out a correction once so that it pops up in a menu you can pick from when the same misrecognition happens again.	false	false	https://github.com/FireChickenProductivity/CorrectionChicken
FireChickenProductivity/DiagramsDotNetTalonVoiceCommands\t0	Talon commands for working with diagrams.net	false	false	https://github.com/FireChickenProductivity/DiagramsDotNetTalonVoiceCommands
FireChickenProductivity/FireChickenKnausjEssentials\t1	Highly minimalistic version of the knausj talon configuration.	false	false	https://github.com/FireChickenProductivity/FireChickenKnausjEssentials
FireChickenProductivity/GoogleSheetsTalonCommands\t3	Provides talon voice commands for working with google sheets. These have only been tested on windows.	false	false	https://github.com/FireChickenProductivity/GoogleSheetsTalonCommands
FireChickenProductivity/MermaidDiagramsTalonVoice\t1	Talon Voice customization for creating mermaid diagrams. 	false	false	https://github.com/FireChickenProductivity/MermaidDiagramsTalonVoice
FireChickenProductivity/MouseControlChicken\t2	Offers talon voice customization for controlling the mouse.	false	false	https://github.com/FireChickenProductivity/MouseControlChicken
FireChickenProductivity/Mouse-Control-Chicken-Data\t0	My personal Mouse Control Chicken Data directory.	false	false	https://github.com/FireChickenProductivity/Mouse-Control-Chicken-Data
FireChickenProductivity/PersonalCommunityFork\t2	My old personal fork of the talon community repository before I decided to manage my fork through a GitHub fork. The original is here: https://github.com/talonhub/community	false	false	https://github.com/FireChickenProductivity/PersonalCommunityFork
FireChickenProductivity/PersonalTalonVoiceCodingSetup\t1	My personal programming setup. Not intended for general use but shared for anyone interested.	false	false	https://github.com/FireChickenProductivity/PersonalTalonVoiceCodingSetup
FireChickenProductivity/RandomTalon\t0	TalonVoice configuration for generating random characters.	false	false	https://github.com/FireChickenProductivity/RandomTalon
FireChickenProductivity/TalonHardSleep\t0	The hard sleep mode for Talon Voice requires consecutively saying talon wake to wakeup talon. This is no longer maintained in favor of the community deep sleep.	false	false	https://github.com/FireChickenProductivity/TalonHardSleep
FireChickenProductivity/TalonVoiceCodingSupplement\t1	Under construction talonvoice programming supplemental configuration for useful ideas deemed unsuitable for community. 	false	false	https://github.com/FireChickenProductivity/TalonVoiceCodingSupplement
FireChickenProductivity/TalonVoiceDesmosCommands\t1	Talon voice commands for working with Desmos calculators: work in progress.	false	false	https://github.com/FireChickenProductivity/TalonVoiceDesmosCommands
FireChickenProductivity/TalonVoiceDiagramDrawing\t3	Work in progress diagram drawing talon commands currently compatible with Vectr. Inkescape compatibility in development. Commands might undergo serious change and are presently primarily for my personal use.	false	false	https://github.com/FireChickenProductivity/TalonVoiceDiagramDrawing
FireChickenProductivity/TalonVoiceDictationSetup\t1	My personal set up for Talon's dictation mode but intended to be usable by others.	false	false	https://github.com/FireChickenProductivity/TalonVoiceDictationSetup
FireChickenProductivity/Talon-Voice-EquatIO-Commands\t0	Talon voice commands for dictating math into EquatIO.	false	false	https://github.com/FireChickenProductivity/Talon-Voice-EquatIO-Commands
FireChickenProductivity/Talon-Voice-Exam-Mode\t0	When the exam mode is active, it prevents many of the community repository commands and actions that you would not want to run accidentally during an exam from running and instead displays an error message if you try to run them.	false	false	https://github.com/FireChickenProductivity/Talon-Voice-Exam-Mode
FireChickenProductivity/Talon-Voice-multidimensional-clipboard\t7		false	false	https://github.com/FireChickenProductivity/Talon-Voice-multidimensional-clipboard
FireChickenProductivity/Talon-Voice-Unsupported-Editor-Programming\t0	Provides commands for programming in many editors that either do not support programming or editors that you do not have commands for working with specifically.	false	false	https://github.com/FireChickenProductivity/Talon-Voice-Unsupported-Editor-Programming
FireChickenProductivity/TerminalChicken\t3	Talon voice extension for controlling terminal programs with cursorless.	false	false	https://github.com/FireChickenProductivity/TerminalChicken
flomillot/my-talon\t0		false	false	https://github.com/flomillot/my-talon
forkmantis/chezmoi-dotfiles\t0	My dotfiles ported over for use w/ chezmoi	false	false	https://github.com/forkmantis/chezmoi-dotfiles
forkmantis/forkmantis_talon\t0	My custom talon scripts	false	false	https://github.com/forkmantis/forkmantis_talon
frosk1/frosk-talon\t0	Talon Setup frosk	false	false	https://github.com/frosk1/frosk-talon
Gareth-Rouse/talon\t0	scrips for talon voice	false	false	https://github.com/Gareth-Rouse/talon
Gauteab/gauteab_talon\t0	Talon Voice Configuration	false	false	https://github.com/Gauteab/gauteab_talon
Gauteab/talon-fluent\t0	Fluent programming grammar for Talon	false	false	https://github.com/Gauteab/talon-fluent
geobarry/eagle_talon\t2	Talon voice commands to control mouse using a first-person navigation perspective, saying distances and directions	false	false	https://github.com/geobarry/eagle_talon
geobarry/mousefree\t6	Talon commands for navigating windows by voice'  	false	false	https://github.com/geobarry/mousefree
ghouston/duskers_game_talon\t0		false	false	https://github.com/ghouston/duskers_game_talon
gimpf/talon-config\t6	A user configset for talon voice	false	false	https://github.com/gimpf/talon-config
hands-free-vim/neovim-talon\t9	Talon user file set for controlling both neovim editing and neovim terminals using Talon voice.	false	false	https://github.com/hands-free-vim/neovim-talon
hanuele/knausj_german\t4	German module for knausj talon repository.	false	false	https://github.com/hanuele/knausj_german
hotsoupisgood/talon-commands\t0		false	false	https://github.com/hotsoupisgood/talon-commands
igormoreno/talon-will\t0		false	false	https://github.com/igormoreno/talon-will
Jailsonfs/community\t1	üöÄ Explore hands-on training labs for embedded development using Zephyr RTOS, featuring guided exercises, starter projects, and useful documentation.	false	false	https://github.com/Jailsonfs/community
JamesGrom/talon\t0		false	false	https://github.com/JamesGrom/talon
jamesmugford/jm-talon\t0		false	false	https://github.com/jamesmugford/jm-talon
JamesSowell/my-talon\t0		false	false	https://github.com/JamesSowell/my-talon
jaresty/mac-dotfiles\t3		false	false	https://github.com/jaresty/mac-dotfiles
jarrodharvey/my_talon_files\t0		false	false	https://github.com/jarrodharvey/my_talon_files
jarrodharvey/talon_mac\t0	A repository for my talon Mac folder	false	false	https://github.com/jarrodharvey/talon_mac
jay51/talon-config\t0		false	false	https://github.com/jay51/talon-config
jbarr21/talon-user\t1	Talon user files	false	false	https://github.com/jbarr21/talon-user
jcalyst/jcaly_talon\t0	A collection of jcalyst's personal scripts for Talon Voice	false	false	https://github.com/jcalyst/jcaly_talon
jcaw/talon_config\t11	üéôÔ∏è Talon config for coding by voice. Work in progress, unstable, I will force-push. Not intended for general consumption.	false	false	https://github.com/jcaw/talon_config
jcaw/talon_mouse_grid\t0	üñ±Ô∏è Talon plugin - a mouse substitute that allows you to quickly click using either the keyboard, or voice regognition. Works with multiple monitors.	false	false	https://github.com/jcaw/talon_mouse_grid
jcaw/talonscript-mode\t8	ü¶Ö Emacs major-mode for .talon files (from Talon Voice).	false	false	https://github.com/jcaw/talonscript-mode
jcholewa/mytalon\t0	My custom Talon Voice commands	false	false	https://github.com/jcholewa/mytalon
jeffreypeoples/talon\t0	talon related scripts and user information	false	false	https://github.com/jeffreypeoples/talon
jira-zz/talon\t0	My Talon configuration	false	false	https://github.com/jira-zz/talon
jkousal32/talon\t0	josh's talon repository	false	false	https://github.com/jkousal32/talon
JonathanWeinrib/jweinrib-talon\t0	personal repo for talon and talon experiments	false	false	https://github.com/JonathanWeinrib/jweinrib-talon
josharian/kitty-talon\t2	kitty/talon integration	false	false	https://github.com/josharian/kitty-talon
joshguffin/talon\t0	Talon configuration	false	false	https://github.com/joshguffin/talon
joshwcomeau/talon-commands\t44		false	false	https://github.com/joshwcomeau/talon-commands
JRPrice5/jess-talon\t0		false	false	https://github.com/JRPrice5/jess-talon
kelocoder/talon-mode\t0	Emacs major mode for editing Talon Voice scripts	false	false	https://github.com/kelocoder/talon-mode
kelocoder/talon-mouse-pointer\t0	Talon Voice module which supports relative mouse pointer movements	false	false	https://github.com/kelocoder/talon-mouse-pointer
kevinmershon/dottalon\t0	Talon Voice dotfiles	false	false	https://github.com/kevinmershon/dottalon
Kn0rk/talon-grammar\t0		false	false	https://github.com/Kn0rk/talon-grammar
kvakil/voicesurf\t3	click links in browser via voice	false	false	https://github.com/kvakil/voicesurf
Leeft/lianna-talon\t0	My own knausj85 additions for Talon Voice, many likely based on contributions made by others	false	false	https://github.com/Leeft/lianna-talon
leolimasa/talon-config\t0		false	false	https://github.com/leolimasa/talon-config
Lif3line/talon_game_mods\t0	Talon mods for playing games	false	false	https://github.com/Lif3line/talon_game_mods
lslunis/lslunis_talon\t0		false	false	https://github.com/lslunis/lslunis_talon
LucyJillMurray/lucy_talon\t0		false	false	https://github.com/LucyJillMurray/lucy_talon
luketych/talon-luke\t0		false	false	https://github.com/luketych/talon-luke
lunixbochs/talon_wm\t5	Window management in Talon	false	false	https://github.com/lunixbochs/talon_wm
ma-anwar/mathfly\t1	My mathfly config for talon	false	false	https://github.com/ma-anwar/mathfly
ma-anwar/TalonExams\t0	 Talon commands to be used during exams	false	false	https://github.com/ma-anwar/TalonExams
Macpaper/pandemoniumIdk\t0	idk stuff iu need for talon to work	false	false	https://github.com/Macpaper/pandemoniumIdk
Macpaper/talonReal\t0	real talon stuff	false	false	https://github.com/Macpaper/talonReal
Macpaper/talonWorkPls\t0	talon stopped working so im importing stuff	false	false	https://github.com/Macpaper/talonWorkPls
mahanthesh0r/Empathy-ad-insights\t0		false	false	https://github.com/mahanthesh0r/Empathy-ad-insights
mankoff/talon\t0		false	false	https://github.com/mankoff/talon
Mark-Phillipson/Alphabet\t1	Talon Alphabet with pictures.	false	false	https://github.com/Mark-Phillipson/Alphabet
Mark-Phillipson/NaturalCommands\t0	NaturalCommands is a Windows desktop application that enables users to control their computer and applications using natural language commands. It interprets spoken or typed instructions to automate tasks, launch programs, manipulate windows, and perform complex multi-step actions, enhancing productivity and accessibility through voice	false	false	https://github.com/Mark-Phillipson/NaturalCommands
Mark-Phillipson/natural-language-commands\t0	Control Visual Studio Code with natural language	false	false	https://github.com/Mark-Phillipson/natural-language-commands
Mark-Phillipson/QuickPrompts\t0	Helper for talon-ai-tools Store and browse your own prompts and apply to current selection.	false	false	https://github.com/Mark-Phillipson/QuickPrompts
Mark-Phillipson/selectionssaver\t1	Next level bookmarks including current selection and vertical scroll position	false	false	https://github.com/Mark-Phillipson/selectionssaver
Mark-Phillipson/snippetbrowser\t1	Browse Talon Voice Snippets Available on Your System	false	false	https://github.com/Mark-Phillipson/snippetbrowser
Mark-Phillipson/TalonCommandSearchExtension\t0	VS Code extension for searching and browsing Talon voice commands with advanced filtering and JSON file storage	false	false	https://github.com/Mark-Phillipson/TalonCommandSearchExtension
Mark-Phillipson/talon_my_stuff\t0	This is my stuff for the Talon customizations (may contain BUGS)	false	false	https://github.com/Mark-Phillipson/talon_my_stuff
Mark-Phillipson/VoiceLauncherBlazor\t3	Blazor server side app with app launcher, snippets and Voice Admin for speech recognition with Talon Voice	false	false	https://github.com/Mark-Phillipson/VoiceLauncherBlazor
marocato-official/talonvoice-quill\t0	Repository of the Quill Module for TalonVoice. Not official from TalonVoice. This was created by marocato-official for a friend.	false	false	https://github.com/marocato-official/talonvoice-quill
Mcfeenix/Talon_Excel_customizations\t0		false	false	https://github.com/Mcfeenix/Talon_Excel_customizations
merplumander/personal_talon\t0		false	false	https://github.com/merplumander/personal_talon
Metastruct/talon_gmod\t4	Voice control for Garry's Mod	false	false	https://github.com/Metastruct/talon_gmod
MichaelOmegatron/Omega_Mouse\t7	An alternative way to interact with Control Mouse in Talon Voice. Meant to be used with the Talon Voice Community Repo (previously known as knausj_talon).	false	false	https://github.com/MichaelOmegatron/Omega_Mouse
mikeshansen/talon_voice_commands\t0	Custom Talon voice command scripts	false	false	https://github.com/mikeshansen/talon_voice_commands
mirober/mathfly-talon\t9	Talon scripts for dictating mathematics into editors like LyX and Scientific Notebook 5.5.	false	false	https://github.com/mirober/mathfly-talon
mirober/MR-talon\t15	My Talon scripts for voice coding and general computer control	false	false	https://github.com/mirober/MR-talon
mirober/talon-pyvda\t2	Talon scripts for manipulating virtual desktops on Windows 	false	false	https://github.com/mirober/talon-pyvda
mirrorkeydev/mkd-talon\t0		false	false	https://github.com/mirrorkeydev/mkd-talon
MooersLab/talon-contractions\t2	TalonScript file of expansions for common contractions in English	false	false	https://github.com/MooersLab/talon-contractions
MooersLab/talon-iterm2\t0	Bash commands for iterm2 terminal emulator on the Mac	false	false	https://github.com/MooersLab/talon-iterm2
MooersLab/talon-webpages\t1	Open favorite web pages by voice command.	false	false	https://github.com/MooersLab/talon-webpages
mpinkert/talon-files\t0		false	false	https://github.com/mpinkert/talon-files
mqnc/talon_german\t10	German Dictation Mode for Talon Voice	false	false	https://github.com/mqnc/talon_german
myersm0/talon-personal\t0		false	false	https://github.com/myersm0/talon-personal
nathanielks/old-talon-config\t0	Config for talon for Mac, Windows and Linux. Very much in progress.	false	false	https://github.com/nathanielks/old-talon-config
nathaniel-robertson/nat-talon-configs\t1	My personal configuration for talonvoice.com	false	false	https://github.com/nathaniel-robertson/nat-talon-configs
ntietz/talon-custom\t0	my personal talon commands/customizations	false	false	https://github.com/ntietz/talon-custom
nwu124/talon\t0	nwu124's Talon scripts	false	false	https://github.com/nwu124/talon
ohare93/zsa-keymapp-talon\t0	Control your ZSA keyboard using the Keymapp API in Talon.	false	false	https://github.com/ohare93/zsa-keymapp-talon
oogen925/Powerpoint-Commands\t0		false	false	https://github.com/oogen925/Powerpoint-Commands
orlekc/my-talon\t0		false	false	https://github.com/orlekc/my-talon
orlekc/talon-games\t0	Talon Games is a simple script library that makes playing games using talon easier.	false	false	https://github.com/orlekc/talon-games
paj80paj/MyTalonConfig\t2		false	false	https://github.com/paj80paj/MyTalonConfig
pakeke-constructor/TALON_CUSTOM_PLUGINS\t0		false	false	https://github.com/pakeke-constructor/TALON_CUSTOM_PLUGINS
parthraut/talon_cpp\t0		false	false	https://github.com/parthraut/talon_cpp
paul-schaaf/talon-filetree\t21	A vscode extension for navigating and manipulating the file tree quickly by voice.	false	false	https://github.com/paul-schaaf/talon-filetree
paul-schaaf/talon-filetree-commands\t8		false	false	https://github.com/paul-schaaf/talon-filetree-commands
paul-schaaf/vshell-commands\t0		false	false	https://github.com/paul-schaaf/vshell-commands
peterjpierce/talon-customizations\t0	Personal rules for Talon	false	false	https://github.com/peterjpierce/talon-customizations
PetrKryslUCSD/knausj_talon_pk\t0	  Voice command set for Talon, old version of PK.	false	false	https://github.com/PetrKryslUCSD/knausj_talon_pk
phillco/talon-axkit\t62	Talon macOS accessibility magic!	false	false	https://github.com/phillco/talon-axkit
phillco/talon-phil\t1	Phil's public Talon configurations/actions (NOTE: more content coming soon)	false	false	https://github.com/phillco/talon-phil
PiggiesGoSqueal/TW-Talon\t1	Talon Voice allows controlling your PC with your voice. This project contains scripts I'll use for it.	false	false	https://github.com/PiggiesGoSqueal/TW-Talon
pimentel/talon_community\t0		false	false	https://github.com/pimentel/talon_community
pkozlows/cursorless\t0		false	false	https://github.com/pkozlows/cursorless
pkozlows/pkozlows-talon\t0		false	false	https://github.com/pkozlows/pkozlows-talon
pokey/dotfiles\t20	Mac OS terminal setup	false	false	https://github.com/pokey/dotfiles
pokey/wax_talon\t2	Record your Talon sessions	false	false	https://github.com/pokey/wax_talon
Polyterative/Poly-Talon-Scripts\t0	Voice Coding. My custom talon voice coding configs for Mac, Windows, and Linux. WIP. This is what I run daily	false	false	https://github.com/Polyterative/Poly-Talon-Scripts
prasadghole/mytalon\t0		false	false	https://github.com/prasadghole/mytalon
ProfDoof/chezmoi-talon\t0		false	false	https://github.com/ProfDoof/chezmoi-talon
ProfDoof/talon-files\t0		false	false	https://github.com/ProfDoof/talon-files
psychoticnmina/andrew-talon\t0	My custom talon voice commands.	false	false	https://github.com/psychoticnmina/andrew-talon
qbit/mytalon\t0	My talon customizations	false	false	https://github.com/qbit/mytalon
quaz4/will-talon\t0	My personal talon voice commands	false	false	https://github.com/quaz4/will-talon
Qubasa/talon_files\t0	My talon files 	false	false	https://github.com/Qubasa/talon_files
rbridges12/linux-config\t0		false	false	https://github.com/rbridges12/linux-config
RebeccaStevenson/talon_rebecca\t0	Custom commands for talon voice	false	false	https://github.com/RebeccaStevenson/talon_rebecca
rexroni/rexroni_talon\t4	rexroni's Talon repository	false	false	https://github.com/rexroni/rexroni_talon
ridpath/talon\t3	A red team‚Äìoriented scripting language for exploits, shellcode, fuzzing, and reverse engineering.	false	false	https://github.com/ridpath/talon
Riizade/talon-scripts\t0	Personal repository for Talon customization	false	false	https://github.com/Riizade/talon-scripts
riley-martine/talon_personal\t0	Personal customizations for Talon Voice software	false	false	https://github.com/riley-martine/talon_personal
rinOfTheStars/rin-personal\t0	Personal talon scripts.	false	false	https://github.com/rinOfTheStars/rin-personal
ripxorip/ripxorip-talon\t0	My Talon config	false	false	https://github.com/ripxorip/ripxorip-talon
rkraeher/my-talon-config\t0	the custom commands and scripts that I want to keep outside of the main repo	false	false	https://github.com/rkraeher/my-talon-config
rntz/emacs-talon\t1	Some emacs talon integration stuff	false	false	https://github.com/rntz/emacs-talon
rntz/indexed_clipboard\t2	An indexed clipboard for talon.	false	false	https://github.com/rntz/indexed_clipboard
rntz/quick_macro\t7	Quick macros for talon	false	false	https://github.com/rntz/quick_macro
rntz/talon_emacs_draft\t1	Using emacs as a draft window for talon.	false	false	https://github.com/rntz/talon_emacs_draft
rntz/talon-keeper\t0	Implementation of the 'keeper' command for talon voice	false	false	https://github.com/rntz/talon-keeper
RobertARandolph/AdmiralBumbleBee_Talon\t11	AdmiralBumbleBee's talon config	false	false	https://github.com/RobertARandolph/AdmiralBumbleBee_Talon
rokubop/parrot_tester\t0	parrot_tester	false	false	https://github.com/rokubop/parrot_tester
rokubop/roku-talon-shared\t14	Shared talon scripts for mouse movement, gaming, parrot config, etc...	false	false	https://github.com/rokubop/roku-talon-shared
rokubop/talon-hub-roku\t0	A collection of my Talon repos for UI, mouse control, input mapping, parrot, and gaming you may find useful.	false	false	https://github.com/rokubop/talon-hub-roku
rokubop/talon-input-map\t0	Combos, modes, throttling, debounce and conditions for Talon input sources.	false	false	https://github.com/rokubop/talon-input-map
rokubop/talon-mouse-rig\t0	All purpose mouse rig for Talon with movement and scrolling. Prefers OS-specific relative movement to be compatible with games.	false	false	https://github.com/rokubop/talon-mouse-rig
rokubop/talon-pack\t0	Catalogs your Talon repo's contributions and dependencies, generates version validation, and updates your README with badges.	false	false	https://github.com/rokubop/talon-pack
rokubop/talon-parrot-tester\t11	Visualization tool to help you analyze your parrot integration with Talon	false	false	https://github.com/rokubop/talon-parrot-tester
rokubop/talon-stable-input\t0	Bind keys or pedals to Talon actions that won't be interrupted by voice commands. Uses pynput.	false	false	https://github.com/rokubop/talon-stable-input
rokubop/talon-ui-elements\t14	An experimental library for building stateful voice activated canvas UIs using a HTML/CSS/React-inspired syntax for python, for use with Talon.	false	false	https://github.com/rokubop/talon-ui-elements
RSid/alla-talon-customizations\t0		false	false	https://github.com/RSid/alla-talon-customizations
saidelike/saidelike_talon\t0		false	false	https://github.com/saidelike/saidelike_talon
sam-coster/samcoster_talon\t0		false	false	https://github.com/sam-coster/samcoster_talon
Samikay/samikay_talon\t0	Talon Voice Control repo 	false	false	https://github.com/Samikay/samikay_talon
samwho/talon\t0	My personal Talon Voice config files.	false	false	https://github.com/samwho/talon
SandeepJoel/joel-talon\t0		false	false	https://github.com/SandeepJoel/joel-talon
sbungartz/dotfiles\t0		false	false	https://github.com/sbungartz/dotfiles
seanpm2001/Bliss_Browser_Talon\t1	üå≥Ô∏èüåêÔ∏è#Ô∏è‚É£Ô∏è The Bliss Browser Talon language support module, allowing Talon programs to be written in and ran within the browser.	false	false	https://github.com/seanpm2001/Bliss_Browser_Talon
seanpm2001/Learn-Talon\t2	üìöÔ∏è A repository for showcasing my knowledge of the Talon programming language, and continuing to learn the language. 	false	false	https://github.com/seanpm2001/Learn-Talon
seanpm2001/SNU_2D_ProgrammingTools_IDE_Talon\t2	‚å®Ô∏è The Talon programming language IDE submodule for SNU Programming Tools (2D Mode)	false	false	https://github.com/seanpm2001/SNU_2D_ProgrammingTools_IDE_Talon
simone201/Talon-SH-Kernel\t3	Sources of Talon SH Kernel, based on Talon Kernel by existz	false	false	https://github.com/simone201/Talon-SH-Kernel
sjgallagher2/sam-talon\t2	Talon configuration and customization	false	false	https://github.com/sjgallagher2/sam-talon
skeating/my-talon-adaptations\t0		false	false	https://github.com/skeating/my-talon-adaptations
SkepticMystic/talon-commands\t0		false	false	https://github.com/SkepticMystic/talon-commands
slatermorgan/ms_talon\t0		false	false	https://github.com/slatermorgan/ms_talon
SorontarX10/talon-config\t0	talon config	false	false	https://github.com/SorontarX10/talon-config
splondike/talon_mystuff\t3	My person Talon customisations	false	false	https://github.com/splondike/talon_mystuff
splondike/talon_telector\t10	Text selection overlay for Talon	true	false	https://github.com/splondike/talon_telector
splondike/talon_ui_helper\t48	Talon package aimed at making it easier to build new mouse controlling voice commands	false	false	https://github.com/splondike/talon_ui_helper
Swiftloke/nc-talon\t0	My Talon Voice config	false	false	https://github.com/Swiftloke/nc-talon
SzaszRobert90/configs\t0		false	false	https://github.com/SzaszRobert90/configs
taikuukaits/godot_talon\t0	Talon voice commands for godot	false	false	https://github.com/taikuukaits/godot_talon
taikuukaits/unity_talon\t0	Useful voice tools for unity and csharp for Talon.	false	false	https://github.com/taikuukaits/unity_talon
talonhub/community\t824	Voice command set for Talon, community-supported.	false	false	https://github.com/talonhub/community
talonvoice/webspeech_examples\t3		false	false	https://github.com/talonvoice/webspeech_examples
tararoys/mouse_guide\t16		false	false	https://github.com/tararoys/mouse_guide
tararoys/nvda\t0		false	false	https://github.com/tararoys/nvda
tararoys/NVDA-Talon\t6	No eyes.  No hands.  No need for headphones.  Complete control of your windows machine.   Very lightweight set of talon voice commands for interacting with NVDA 	false	false	https://github.com/tararoys/NVDA-Talon
tararoys/presentation_mode\t4	a presentation mode extension for Talon to make it easier to talk without having to remember to switch modes all the time	false	false	https://github.com/tararoys/presentation_mode
tararoys/talon-tutorials\t4		false	false	https://github.com/tararoys/talon-tutorials
tbaecker/talon_personal\t0	My configuration for Talon Voice	false	false	https://github.com/tbaecker/talon_personal
tbodt/.files\t6		false	false	https://github.com/tbodt/.files
tdadah/tara_talon\t0	User settings for Talon Voice	false	false	https://github.com/tdadah/tara_talon
thegoblingame/tsw\t0		false	false	https://github.com/thegoblingame/tsw
TheGreatBabushka/talon-utils\t0		false	false	https://github.com/TheGreatBabushka/talon-utils
theryangeary/knausj_talon\t0	fork of knausj_talon	false	false	https://github.com/theryangeary/knausj_talon
theryangeary/theryangeary_talon\t0	custom talon config to be used in conjunction with knausj	false	false	https://github.com/theryangeary/theryangeary_talon
thetomcraig/talon_scripts\t0		false	false	https://github.com/thetomcraig/talon_scripts
thezeroalpha/dotfiles\t23	My personal shell configs and stuff	false	false	https://github.com/thezeroalpha/dotfiles
towc/dotfiles\t1	my linux dotfiles	false	false	https://github.com/towc/dotfiles
triantium/dotfiles\t1		false	false	https://github.com/triantium/dotfiles
trillium/mouse-clock\t0		false	false	https://github.com/trillium/mouse-clock
trillium/talon-backup\t0		false	false	https://github.com/trillium/talon-backup
trillium/talon_backup_repo_user\t0		false	false	https://github.com/trillium/talon_backup_repo_user
trillium/talon-recall\t0	Recall ‚Äî name and switch to specific windows by voice. A standalone Talon voice command package.	false	false	https://github.com/trillium/talon-recall
U-1SU2U/TalonConfig\t0		false	false	https://github.com/U-1SU2U/TalonConfig
uykusuz/talon\t0	my user scripts for talon	false	false	https://github.com/uykusuz/talon
vankiru/talon\t1	Personal Talon voice command set	false	false	https://github.com/vankiru/talon
Visate/talon-community\t0	Modification to the Talon community repository.	false	false	https://github.com/Visate/talon-community
vlahm/talon_commands\t0	Voice commands for Ubuntu, Gnome-terminal, R, Python, Vim, Tmux, Firefox, etc.	false	false	https://github.com/vlahm/talon_commands
voqal/voqal\t190	Voice native AI agent for the builders of tomorrow 	false	false	https://github.com/voqal/voqal
vu3jej/bugg\t0		false	false	https://github.com/vu3jej/bugg
Vynlar/vynlar_talon\t0		false	false	https://github.com/Vynlar/vynlar_talon
wavecycle/talon-commands\t0		false	false	https://github.com/wavecycle/talon-commands
web-tools42/joshwcomeau\t0		false	false	https://github.com/web-tools42/joshwcomeau
wjs20/my-talon\t0		false	false	https://github.com/wjs20/my-talon
wolfmanstout/talon-gaze-ocr\t71	Talon scripts to enable advanced cursor control using eye tracking and OCR.	false	false	https://github.com/wolfmanstout/talon-gaze-ocr
wolfmanstout/talon-vocabulary-editor\t3	Experimental features for managing your knausj_talon vocabulary.	false	false	https://github.com/wolfmanstout/talon-vocabulary-editor
Xe/invocations\t42	spoken word invocations for Talon	false	false	https://github.com/Xe/invocations
ZachWatkins/user-talon\t0	User configuration for Talon Voice	false	false	https://github.com/ZachWatkins/user-talon
ziemus/talon_voice_games\t3	My Talon Voice game library to be used with my custom game mode, see my knausj_talon fork.	false	false	https://github.com/ziemus/talon_voice_games
